doi,publisher,title,journal
10.1002/admi.202400208,Wiley,Formation of a Boron‐Oxide Termination for the (100) Diamond Surface,Advanced Materials Interfaces
10.1002/admi.202400242,Wiley,Methods for Color Center Preserving Hydrogen‐Termination of Diamond,Advanced Materials Interfaces
10.1002/ctpp.202200095,Wiley,Implementation of AI/DEEP learning disruption predictor into a plasma control system,Contributions to Plasma Physics
10.1002/ctpp.202300105,Wiley,Self‐consistent transport simulation of boron dust particle injection in the peripheral plasma in Large Helical Device,Contributions to Plasma Physics
10.1002/ppap.202300155,Wiley,Evidence of plasma‐driven decomposition of common plastics exposed to an atmospheric nonthermal discharge,Plasma Processes and Polymers
10.1016/j.corsci.2022.110202,Elsevier BV,Corrosion characteristics of Mo and TZM alloy for plasma facing components in molten lithium at 623 K,Corrosion Science
10.1016/j.cpc.2023.109013,Elsevier BV,EUTERPE: A global gyrokinetic code for stellarator geometry,Computer Physics Communications
10.1016/j.diamond.2024.111577,Elsevier BV,Quantum chemistry model of surface reactions and kinetic model of diamond growth: Effects of CH3 radicals and C2H2 molecules at low-temperatures CVD,Diamond and Related Materials
10.1016/j.eswa.2024.125204,Elsevier BV,Model-free stabilization via Extremum Seeking using a cost neural estimator,Expert Systems with Applications
10.1016/j.fusengdes.2024.114520,Elsevier BV,Development of a scintillator based fast-ion loss detector for the Wendelstein 7-X stellarator,Fusion Engineering and Design
10.1016/j.jcp.2024.113287,Elsevier BV,Cost-efficient finite-volume high-order schemes for compressible magnetohydrodynamics,Journal of Computational Physics
10.1016/j.nme.2024.101724,Elsevier BV,"Boron powder injection experiments in WEST with a fully actively cooled, ITER grade, tungsten divertor",Nuclear Materials and Energy
10.1016/j.nme.2024.101726,Elsevier BV,Utilization of boron particulate wall conditioning in the full tungsten environment of WEST,Nuclear Materials and Energy
10.1016/j.nme.2024.101737,Elsevier BV,Lithium vapor cave design considerations,Nuclear Materials and Energy
10.1016/j.proci.2024.105353,Elsevier BV,Kinetics of low temperature plasma assisted NH3/H2 oxidation in a nanosecond-pulsed discharge,Proceedings of the Combustion Institute
10.1016/j.proci.2024.105659,Elsevier BV,Numerical modeling of plasma assisted deflagration to detonation transition in a microscale channel,Proceedings of the Combustion Institute
10.1017/s0022377823000429,Cambridge University Press (CUP),"Microphysically modified magnetosonic modes in collisionless, high-β plasmas",Journal of Plasma Physics
10.1017/s0022377823000478,Cambridge University Press (CUP),Isolation and phase-space energization analysis of the instabilities in collisionless shocks,Journal of Plasma Physics
10.1017/s0022377823000922,Cambridge University Press (CUP),Fast correlation heating in moderately coupled electron–ion plasmas,Journal of Plasma Physics
10.1017/s0022377823001095,Cambridge University Press (CUP),Fast-ion transport in quasisymmetric equilibria in the presence of a resonant Alfvénic perturbation,Journal of Plasma Physics
10.1017/s0022377823001435,Cambridge University Press (CUP),"On hydromagnetic wave interactions in collisionless, high-<i>β</i>plasmas",Journal of Plasma Physics
10.1017/s0022377824000060,Cambridge University Press (CUP),A two-dimensional numerical study of ion-acoustic turbulence,Journal of Plasma Physics
10.1017/s0022377824000151,Cambridge University Press (CUP),Magnetic fields with general omnigenity,Journal of Plasma Physics
10.1017/s0022377824000308,Cambridge University Press (CUP),Kinetic stability of Chapman–Enskog plasmas,Journal of Plasma Physics
10.1017/s0022377824000357,Cambridge University Press (CUP),Asymptotic quasisymmetric high-beta three-dimensional magnetohydrodynamic equilibria near axisymmetry,Journal of Plasma Physics
10.1017/s0022377824000369,Cambridge University Press (CUP),Optimization of nonlinear turbulence in stellarators,Journal of Plasma Physics
10.1017/S002237782400059X,Cambridge University Press (CUP),Nonlinear solution of classical three-wave interaction via finite-dimensional quantum model,Journal of Plasma Physics
10.1017/S0022377824000795,Cambridge University Press (CUP),Encoding of linear kinetic plasma problems in quantum circuits via data compression,Journal of Plasma Physics
10.1021/acs.jpclett.4c00907,American Chemical Society (ACS),Kinetics and Mechanism of the Singlet Oxygen Atom Reaction with Dimethyl Ether,The Journal of Physical Chemistry Letters
10.1021/acsenergylett.4c00729,American Chemical Society (ACS),Unraveling Nonequilibrium Generation of Atomic Nitrogen and Hydrogen in Plasma-Aided Ammonia Synthesis,ACS Energy Letters
10.1029/2023gl105785,American Geophysical Union (AGU),Interplay of Three‐Dimensional Instabilities and Magnetic Reconnection in the Explosive Onset of Magnetospheric Substorms,Geophysical Research Letters
10.1029/2023JA031596,American Geophysical Union (AGU),Interhemispheric Observations of ULF Waves Caused by Foreshock Transients Under Quiet Solar Wind Conditions,Journal of Geophysical Research: Space Physics
10.1038/s41467-023-42684-7,Springer Science and Business Media LLC,Extended X-ray absorption fine structure of dynamically-compressed copper up to 1 terapascal,Nature Communications
10.1038/s41467-024-47230-7,Springer Science and Business Media LLC,Enhancements of electric field and afterglow of non-equilibrium plasma by Pb(ZrxTi1−x)O3 ferroelectric electrode,Nature Communications
10.1038/s41586-024-07024-9,Springer Science and Business Media LLC,Avoiding fusion plasma tearing instability with deep reinforcement learning,Nature
10.1038/s41586-024-07313-3,Springer Science and Business Media LLC,A high-density and high-confinement tokamak plasma regime for fusion energy,Nature
10.1063/5.0101849,AIP Publishing,Portable diagnostic package for Thomson scattering and optical emission spectroscopy on Princeton field-reversed configuration 2 (PFRC 2),Review of Scientific Instruments
10.1063/5.0129804,AIP Publishing,Azimuthal structures and turbulent transport in Penning discharge,Physics of Plasmas
10.1063/5.0135389,AIP Publishing,An investigation of shock formation vs shock mitigation of colliding plasma jets,Physics of Plasmas
10.1063/5.0139845,AIP Publishing,Diagnostics of plasma–liquids systems: Challenges and their mitigation,Physics of Plasmas
10.1063/5.0144711,AIP Publishing,Understanding the negative triangularity ELM trigger and ELM free state on DIII-D with ECE-imaging,Physics of Plasmas
10.1063/5.0150396,AIP Publishing,Multiplexed structured imaging of laser induced fluorescence at 10 GHz rate,AIP Advances
10.1063/5.0151645,AIP Publishing,Resonant instabilities mediated by drag and electrostatic interactions in laboratory and astrophysical dusty plasmas,Physics of Plasmas
10.1063/5.0152083,AIP Publishing,EUV debris mitigation using magnetic nulls,Applied Physics Letters
10.1063/5.0152389,AIP Publishing,Dynamics of rapidly spinning blob-filaments: Fluid theory with a parallel kinetic extension,Physics of Plasmas
10.1063/5.0152440,AIP Publishing,Toward continuum gyrokinetic study of high-field mirrors,Physics of Plasmas
10.1063/5.0155218,AIP Publishing,Tuning the band topology of GdSb by epitaxial strain,APL Materials
10.1063/5.0160853,AIP Publishing,Direct implicit and explicit energy-conserving particle-in-cell methods for modeling of capacitively coupled plasma devices,Physics of Plasmas
10.1063/5.0172606,AIP Publishing,"Shivalik Plasma Device-I, a glow discharge device to study the collective dynamics of dusty plasma",AIP Advances
10.1063/5.0173346,AIP Publishing,Laboratory study of the PFRC-2's initial plasma densification stages,Physics of Plasmas
10.1063/5.0174168,AIP Publishing,Accuracy of the explicit energy-conserving particle-in-cell method for under-resolved simulations of capacitively coupled plasma discharges,Physics of Plasmas
10.1063/5.0174362,AIP Publishing,Absolute electron density fluctuation reconstruction for two-dimensional hydrogen beam emission spectroscopy,Review of Scientific Instruments
10.1063/5.0176971,AIP Publishing,Neoclassical transport of impurities in tokamaks with non-axisymmetric perturbations,Physics of Plasmas
10.1063/5.0188738,AIP Publishing,Pop-up Langmuir probe diagnostic in the water cooled divertor of Wendelstein 7-X,Review of Scientific Instruments
10.1063/5.0189566,AIP Publishing,Aligning the Thomson scattering and charge exchange recombination diagnostics using neutral beam emission at DIII-D,Review of Scientific Instruments
10.1063/5.0189707,AIP Publishing,Production of warm ions in electron beam generated E × B plasma,Applied Physics Letters
10.1063/5.0190305,AIP Publishing,Laser-driven quasi-static B-fields for magnetized high-energy-density experiments,Physics of Plasmas
10.1063/5.0190908,AIP Publishing,Large-database cross-verification and validation of tokamak transport models using baselines for comparison,Physics of Plasmas
10.1063/5.0197955,AIP Publishing,"Intermittency, bursty turbulence, and ion and electron phase-space holes formation in collisionless current-carrying plasmas",Physics of Plasmas
10.1063/5.0199958,AIP Publishing,Achieving stationary high performance plasmas at Wendelstein 7-X,Physics of Plasmas
10.1063/5.0200894,AIP Publishing,Global micro-tearing modes in the wide pedestal of an NSTX plasma,Physics of Plasmas
10.1063/5.0201683,AIP Publishing,Radiatively cooled magnetic reconnection experiments driven by pulsed power,Physics of Plasmas
10.1063/5.0201780,AIP Publishing,When do waves drive plasma flows?,Physics of Plasmas
10.1063/5.0203015,AIP Publishing,A Spitzer Model-C Stellarator fusion reactor,AIP Advances
10.1063/5.0203125,AIP Publishing,Plasma–liquid interactions in the presence of organic matter—A perspective,Journal of Applied Physics
10.1063/5.0203707,AIP Publishing,"Advanced fuel fusion, phase space engineering, and structure-preserving geometric algorithms",Physics of Plasmas
10.1063/5.0205668,AIP Publishing,Thinking Bayesian for plasma physicists,Physics of Plasmas
10.1063/5.0208849,AIP Publishing,Core-edge modeling of gyrokinetic turbulence by coupling the delta-f and total-f models in the XGC code,Physics of Plasmas
10.1063/5.0213155,AIP Publishing,Erosion and impurity transport for the edge localized mode suppression window in KSTAR,Physics of Plasmas
10.1063/5.0213313,AIP Publishing,Establishing criteria for the transition from kinetic to fluid modeling in hollow cathode analysis,Physics of Plasmas
10.1063/5.0213598,AIP Publishing,X-ray imaging and electron temperature evolution in laser-driven magnetic reconnection experiments at the national ignition facility,Physics of Plasmas
10.1063/5.0215586,AIP Publishing,Quantitative time-resolved diagnostics of electric field dynamics during individual plasma breakdown events using burst laser pulse electric field induced second harmonic generation,Applied Physics Letters
10.1063/5.0219464,AIP Publishing,Statistical data analysis of x-ray spectroscopy data enabled by neural network accelerated Bayesian inference,Review of Scientific Instruments
10.1063/5.0219469,AIP Publishing,Visible core spectroscopy at <b>Wendelstein 7-X</b>,Review of Scientific Instruments
10.1063/5.0220344,AIP Publishing,Implementation of low temperature spectrometers for the JET high resolution Thomson scattering diagnostic for disruption plasma measurements,Review of Scientific Instruments
10.1080/15361055.2021.1906150,Informa UK Limited,Qualification of NSTX-U Inner TF Bundle Using Hi-Fidelity Models,Fusion Science and Technology
10.1080/15361055.2023.2215681,Informa UK Limited,Three-Dimensional Electromagnetic and Structural Analysis of Disruptions in the COMPASS Upgrade Vacuum Vessel,Fusion Science and Technology
10.1088/1361-6382/acfc0e,IOP Publishing,Gauge-invariant gravitational waves in matter beyond linearized gravity,Classical and Quantum Gravity
10.1088/1361-6463/acfb1b,IOP Publishing,Electrical breakdown dynamics in an argon bubble submerged in conductive liquid for nanosecond pulsed discharges,Journal of Physics D: Applied Physics
10.1088/1361-6463/ad6d78,IOP Publishing,Importance of gas heating in capacitively coupled radiofrequency plasma-assisted synthesis of carbon nanomaterials,Journal of Physics D: Applied Physics
10.1088/1361-6587/ac89af,IOP Publishing,Phases and phase-transitions in quasisymmetric configuration space,Plasma Physics and Controlled Fusion
10.1088/1361-6587/ace739,IOP Publishing,Constructing the space of quasisymmetric stellarators through near-axis expansion,Plasma Physics and Controlled Fusion
10.1088/1361-6587/ace849,IOP Publishing,Isotope dependence of transport in ST40 hot ion mode plasmas,Plasma Physics and Controlled Fusion
10.1088/1361-6587/acf0e7,IOP Publishing,Observation of impurity accumulation and its compatibility with high plasma performance in W7-X,Plasma Physics and Controlled Fusion
10.1088/1361-6587/ad157c,IOP Publishing,Scenario optimization for the tokamak ramp-down phase in RAPTOR: Part B. safe termination of DEMO plasmas,Plasma Physics and Controlled Fusion
10.1088/1361-6587/ad157d,IOP Publishing,Scenario optimization for the tokamak ramp-down phase in RAPTOR: Part A. Analysis and model validation on ASDEX Upgrade,Plasma Physics and Controlled Fusion
10.1088/1361-6587/ad2c29,IOP Publishing,Stability analysis of WEST L-mode discharges with improved confinement from boron powder injection,Plasma Physics and Controlled Fusion
10.1088/1361-6587/ad3c1d,IOP Publishing,Bayesian inference of electron density and ion temperature profiles from neutral beam and halo Balmer-α emission at Wendelstein 7-X,Plasma Physics and Controlled Fusion
10.1088/1361-6587/ad3e2b,IOP Publishing,Intrinsic rotation modulation by diffusive neutral particles in tokamaks,Plasma Physics and Controlled Fusion
10.1088/1361-6587/ad481c,IOP Publishing,Velocity-space distribution function of fast ions in a sawtoothing plasma,Plasma Physics and Controlled Fusion
10.1088/1361-6587/ad4f11,IOP Publishing,Fast ion confinement in the presence of core magnetic islands in Wendelstein 7-X,Plasma Physics and Controlled Fusion
10.1088/1361-6587/ad6c7c,IOP Publishing,Linearised Fokker–Planck collision model for gyrokinetic simulations,Plasma Physics and Controlled Fusion
10.1088/1361-6595/ad29be,IOP Publishing,Study of synchronous RF pulsing in dual frequency capacitively coupled plasma,Plasma Sources Science and Technology
10.1088/1361-6595/ad3847,IOP Publishing,Application of helium line intensity ratio spectroscopy to xenon plasma in E × B Penning discharge,Plasma Sources Science and Technology
10.1088/1361-6595/ad3a9c,IOP Publishing,RF antenna helicity dependent particle heating in a helicon source,Plasma Sources Science and Technology
10.1088/1361-6595/ad5d12,IOP Publishing,A transient site balance model for atomic layer etching,Plasma Sources Science and Technology
10.1088/1361-6595/ad647b,IOP Publishing,Liquid-to-gas transfer of sodium in a liquid cathode glow discharge,Plasma Sources Science and Technology
10.1088/1402-4896/ac1dc9,IOP Publishing,Predictive modelling of liquid metal divertor: from COMPASS tokamak towards Upgrade,Physica Scripta
10.1088/1741-4326/ac8941,IOP Publishing,Global gyrokinetic simulations of ASDEX Upgrade up to the transport timescale with GENE–Tango,Nuclear Fusion
10.1088/1741-4326/acd4d1,IOP Publishing,Spectroscopic measurement of increases in hydrogen molecular rotational temperature with plasma-facing surface temperature and due to collisional-radiative processes in tokamaks,Nuclear Fusion
10.1088/1741-4326/acdd11,IOP Publishing,Cross-machine comparison of runaway electron generation during tokamak start-up for extrapolation to ITER,Nuclear Fusion
10.1088/1741-4326/acde8d,IOP Publishing,"The JET hybrid scenario in Deuterium, Tritium and Deuterium-Tritium",Nuclear Fusion
10.1088/1741-4326/acdf00,IOP Publishing,Reconstruction of tokamak plasma safety factor profile using deep learning,Nuclear Fusion
10.1088/1741-4326/acdf01,IOP Publishing,Transport barrier and spinning blob dynamics in the tokamak edge,Nuclear Fusion
10.1088/1741-4326/ace460,IOP Publishing,Integrated RMP-based ELM-crash-control process for plasma performance enhancement during ELM crash suppression in KSTAR,Nuclear Fusion
10.1088/1741-4326/ace5c0,IOP Publishing,Validation of density pump-out by pedestal-foot magnetic island formation prior to ELM suppression in KSTAR and DIII-D tokamaks,Nuclear Fusion
10.1088/1741-4326/ace6bd,IOP Publishing,Conference Report on the 7th International Symposium on Liquid metals Applications for fusion (ISLA-7),Nuclear Fusion
10.1088/1741-4326/ace6be,IOP Publishing,The effect of gas injection location on a lithium vapor box divertor in NSTX-U,Nuclear Fusion
10.1088/1741-4326/acedc2,IOP Publishing,Observation of long-radial-range-correlation in turbulence in high-collisionality high-confinement plasmas on DIII-D,Nuclear Fusion
10.1088/1741-4326/acee10,IOP Publishing,Experiments on excitation of Alfvén eigenmodes by alpha-particles with bump-on-tail distribution in JET DTE2 plasmas,Nuclear Fusion
10.1088/1741-4326/acf560,IOP Publishing,Isotope physics of heat and particle transport with tritium in JET-ILW type-I ELMy H-mode plasmas,Nuclear Fusion
10.1088/1741-4326/acf677,IOP Publishing,Investigation of performance enhancement by balanced double-null shaping in KSTAR,Nuclear Fusion
10.1088/1741-4326/acf86c,IOP Publishing,On the origin of the DIII-D L-H power threshold isotope effect,Nuclear Fusion
10.1088/1741-4326/acfd40,IOP Publishing,Effect of coherent edge-localized mode on transition to high-performance hybrid scenarios in KSTAR,Nuclear Fusion
10.1088/1741-4326/acfe8b,IOP Publishing,Comparison of machine learning systems trained to detect Alfvén eigenmodes using the CO<sub>2</sub> interferometer on DIII-D,Nuclear Fusion
10.1088/1741-4326/ad0062,IOP Publishing,Plasmoid-mediated reconnection during nonlinear peeling–ballooning edge-localized modes,Nuclear Fusion
10.1088/1741-4326/ad0310,IOP Publishing,Overview of interpretive modelling of fusion performance in JET DTE2 discharges with TRANSP,Nuclear Fusion
10.1088/1741-4326/ad0597,IOP Publishing,Interpretive modelling of boron transport in the boundary plasma of WEST experiments with the impurity powder dropper,Nuclear Fusion
10.1088/1741-4326/ad0906,IOP Publishing,"Density wavenumber spectrum measurements, synthetic diagnostic development, and tests of quasilinear turbulence modeling in the core of electron-heated DIII-D H-mode plasmas",Nuclear Fusion
10.1088/1741-4326/ad0aca,IOP Publishing,Global gyrokinetic simulations of electrostatic microturbulent transport in LHD stellarator with boron impurity,Nuclear Fusion
10.1088/1741-4326/ad0dd6,IOP Publishing,Demonstration of transient CHI startup using a floating biased electrode configuration,Nuclear Fusion
10.1088/1741-4326/ad0fbd,IOP Publishing,Development of high-performance long-pulse discharge in KSTAR,Nuclear Fusion
10.1088/1741-4326/ad0fbe,IOP Publishing,"Access to stable, high pressure tokamak pedestals using local electron cyclotron current drive",Nuclear Fusion
10.1088/1741-4326/ad142f,IOP Publishing,Machine learning-based real-time kinetic profile reconstruction in DIII-D,Nuclear Fusion
10.1088/1741-4326/ad17f5,IOP Publishing,Pedestal main ion particle transport inference through gas puff modulation with experimental source measurements,Nuclear Fusion
10.1088/1741-4326/ad1af5,IOP Publishing,A Gaussian process guide for signal regression in magnetic fusion,Nuclear Fusion
10.1088/1741-4326/ad1c94,IOP Publishing,Enhancement of ECCD by the current condensation effect for stabilizing large magnetic islands caused by neoclassical tearing modes in tokamak plasmas,Nuclear Fusion
10.1088/1741-4326/ad2113,IOP Publishing,The role of isotope mass on neutral fueling and density pedestal structure in the DIII-D tokamak,Nuclear Fusion
10.1088/1741-4326/ad22f5,IOP Publishing,Automated experimental design of safe rampdowns via probabilistic machine learning,Nuclear Fusion
10.1088/1741-4326/ad2ca7,IOP Publishing,Investigating the role of edge neutrals in exciting tearing mode activity and achieving flat temperature profiles in LTX-β,Nuclear Fusion
10.1088/1741-4326/ad2ca8,IOP Publishing,Effects of edge-localized electron cyclotron current drive on edge-localized mode suppression by resonant magnetic perturbations in DIII-D,Nuclear Fusion
10.1088/1741-4326/ad2fe8,IOP Publishing,MARS-F/K modeling of plasma response and fast ion losses due to RMP in KSTAR,Nuclear Fusion
10.1088/1741-4326/ad2fe9,IOP Publishing,DIII-D research to provide solutions for ITER and fusion energy,Nuclear Fusion
10.1088/1741-4326/ad336e,IOP Publishing,Overview of the recent experimental research on the J-TEXT tokamak,Nuclear Fusion
10.1088/1741-4326/ad3471,IOP Publishing,"Transport and stability in sustained high 
	    <mml:math xmlns:mml=""http://www.w3.org/1998/Math/MathML"">
                     <mml:mrow>
                        <mml:mrow>
                           <mml:msub>
                              <mml:mrow>
                                 <mml:mrow>
                                    <mml:mi>q</mml:mi>
                                 </mml:mrow>
                              </mml:mrow>
                              <mml:mrow>
                                 <mml:mrow>
                                    <mml:mtext>min</mml:mtext>
                                 </mml:mrow>
                              </mml:mrow>
                           </mml:msub>
                        </mml:mrow>
                     </mml:mrow>
                  </mml:math>
	  , high 
	    <mml:math xmlns:mml=""http://www.w3.org/1998/Math/MathML"">
                     <mml:mrow>
                        <mml:mrow>
                           <mml:msub>
                              <mml:mrow>
                                 <mml:mrow>
                                    <mml:mi>β</mml:mi>
                                 </mml:mrow>
                              </mml:mrow>
                              <mml:mrow>
                                 <mml:mtext>N</mml:mtext>
                              </mml:mrow>
                           </mml:msub>
                        </mml:mrow>
                     </mml:mrow>
                  </mml:math>
	   discharges on DIII-D",Nuclear Fusion
10.1088/1741-4326/ad38cc,IOP Publishing,Isotope impact on Alfvén eigenmodes and fast ion transport in DIII-D,Nuclear Fusion
10.1088/1741-4326/ad3972,IOP Publishing,Modeling electron temperature profiles in the pedestal with simple formulas for ETG transport,Nuclear Fusion
10.1088/1741-4326/ad3a7a,IOP Publishing,Overview of Large Helical Device experiments of basic plasma physics for solving crucial issues in reaching burning plasma conditions,Nuclear Fusion
10.1088/1741-4326/ad3a7b,IOP Publishing,"Analysis and design of fast flow liquid Li divertor for fusion nuclear science facility (FNSF) using coupled plasma boundary and LM MHD/heat transfer codes
                  <sup>*</sup>",Nuclear Fusion
10.1088/1741-4326/ad3b1d,IOP Publishing,Overview of the KSTAR experiments toward fusion reactor,Nuclear Fusion
10.1088/1741-4326/ad3c50,IOP Publishing,Overview of physics results from the ADITYA-U tokamak and future experiments,Nuclear Fusion
10.1088/1741-4326/ad3f30,IOP Publishing,"Prediction of pellet mass thresholds for ELM triggering in low-collisionality, ITER-like discharges",Nuclear Fusion
10.1088/1741-4326/ad3fc9,IOP Publishing,MONKES: a fast neoclassical code for the evaluation of monoenergetic transport coefficients in stellarator plasmas,Nuclear Fusion
10.1088/1741-4326/ad3fcd,IOP Publishing,Error field detection and correction studies towards ITER operation,Nuclear Fusion
10.1088/1741-4326/ad4270,IOP Publishing,Overview of recent experimental results on the EAST Tokamak,Nuclear Fusion
10.1088/1741-4326/ad4536,IOP Publishing,Enhanced plasma performance in C-2W advanced beam-driven field-reversed configuration experiments,Nuclear Fusion
10.1088/1741-4326/ad4615,IOP Publishing,Role of electrostatic perturbation on kinetic resistive wall mode with application to spherical tokamak,Nuclear Fusion
10.1088/1741-4326/ad4c74,IOP Publishing,Development of a neural network model for peeling–ballooning stability analysis in the KSTAR tokamak pedestals,Nuclear Fusion
10.1088/1741-4326/ad4d01,IOP Publishing,Predictive modeling of NSTX discharges with the updated multi-mode anomalous transport module,Nuclear Fusion
10.1088/1741-4326/ad4d03,IOP Publishing,Decoupling of peeling and ballooning thresholds for pedestal stability and reduction in ELM frequency via enhanced turbulence with edge electron cyclotron heating in DIII-D,Nuclear Fusion
10.1088/1741-4326/ad4e47,IOP Publishing,Heuristic predictions of RMP configurations for ELM suppression in ITER burning plasmas and their impact on divertor performance,Nuclear Fusion
10.1088/1741-4326/ad54d8,IOP Publishing,Simulation of triggering and evolution of ELM by pellet injection in EAST under BOUT++ framework,Nuclear Fusion
10.1088/1741-4326/ad556b,IOP Publishing,Reconstruction and interpretation of ionization asymmetry in magnetic confinement via synthetic diagnostics,Nuclear Fusion
10.1088/1741-4326/ad5a1c,IOP Publishing,Nonlinear gyrokinetic modelling of high confinement negative triangularity plasmas,Nuclear Fusion
10.1088/1741-4326/ad5a21,IOP Publishing,Non-linear MHD modelling of transients in tokamaks: a review of recent advances with the JOREK code,Nuclear Fusion
10.1088/1741-4326/ad5e99,IOP Publishing,Turbulence-reduced high-performance scenarios in Wendelstein 7-X,Nuclear Fusion
10.1088/1741-4326/ad6011,IOP Publishing,Overview of physics results from MAST upgrade towards core-pedestal-exhaust integration,Nuclear Fusion
10.1088/1741-4326/ad6014,IOP Publishing,Plasma performance and operational space with an RMP-ELM suppressed edge,Nuclear Fusion
10.1088/1741-4326/ad60dd,IOP Publishing,Divertor heat load estimates on NSTX and DIII-D using new and open-source 2D inversion analysis code,Nuclear Fusion
10.1088/1741-4326/ad6335,IOP Publishing,Helium plasma operations on ASDEX Upgrade and JET in support of the non-nuclear phases of ITER,Nuclear Fusion
10.1088/1741-4326/ad64e6,IOP Publishing,Initial testing of Alfvén eigenmode feedback control with machine-learning observers on DIII-D,Nuclear Fusion
10.1088/1741-4326/ad67ef,IOP Publishing,"Density profiles in stellarators: an overview of particle transport, fuelling and profile shaping studies at TJ-II",Nuclear Fusion
10.1088/1741-4326/ad67f0,IOP Publishing,Interpretive modeling of tungsten divertor leakage during experiments with neon gas seeding,Nuclear Fusion
10.1088/1741-4326/ad6ba7,IOP Publishing,Overview of recent results from the ST40 compact high-field spherical tokamak,Nuclear Fusion
10.1088/1741-4326/ad6ce7,IOP Publishing,Quantification of locked mode instability triggered by a change in confinement,Nuclear Fusion
10.1088/1741-4326/ad6e9e,IOP Publishing,Recent advance progress of HL-3 experiments,Nuclear Fusion
10.1088/1741-4326/ad724d,IOP Publishing,Neural networks for estimation of divertor conditions in DIII-D using C III imaging,Nuclear Fusion
10.1088/1741-4326/ad75a6,IOP Publishing,Direct optimization of neoclassical ion transport in stellarator reactors,Nuclear Fusion
10.1088/2053-1583/ad2108,IOP Publishing,The deep-acceptor nature of the chalcogen vacancies in 2D transition-metal dichalcogenides,2D Materials
10.1088/2053-1583/ad4720,IOP Publishing,Role of chalcogen vacancies and hydrogen in the optical and electrical properties of bulk transition-metal dichalcogenides,2D Materials
10.1088/2053-1591/ad0f43,IOP Publishing,"Recent DIII-D progress toward validating models of tungsten erosion, re-deposition, and migration for application to next-step fusion devices",Materials Research Express
10.1088/2633-4356/ad001b,IOP Publishing,X-ray quantification of oxygen groups on diamond surfaces for quantum applications,Materials for Quantum Technology
10.1093/mnras/stad1453,Oxford University Press (OUP),Discovery of double Hall pattern associated with collisionless magnetic reconnection in dusty plasmas,Monthly Notices of the Royal Astronomical Society
10.1093/mnras/stad3261,Oxford University Press (OUP),"Local models of two-temperature accretion disc coronae – I. Structure, outflows, and energetics",Monthly Notices of the Royal Astronomical Society
10.1093/mnras/stad3967,Oxford University Press (OUP),Critical magnetic Reynolds number of the turbulent dynamo in collisionless plasmas,Monthly Notices of the Royal Astronomical Society
10.1093/mnras/stae1578,Oxford University Press (OUP),Cosmic-ray confinement in radio bubbles by micromirrors,Monthly Notices of the Royal Astronomical Society
10.1093/mnras/stae696,Oxford University Press (OUP),Local models of two-temperature accretion disc coronae – II. Ion thermal conduction and the absence of disc evaporation,Monthly Notices of the Royal Astronomical Society
10.1098/rsta.2023.0416,The Royal Society,The Spherical Tokamak for Energy Production: theme issue introduction,"Philosophical Transactions of the Royal Society A: Mathematical, Physical and Engineering Sciences"
10.1103/physreve.109.065210,American Physical Society (APS),Phase-space entropy cascade and irreversibility of stochastic heating in nearly collisionless plasma turbulence,Physical Review E
10.1103/physrevfluids.8.103503,American Physical Society (APS),Transition from wall modes to multimodality in liquid gallium magnetoconvection,Physical Review Fluids
10.1103/physrevlett.129.125001,American Physical Society (APS),Electron Modulational Instability in the Strong Turbulent Regime for an Electron Beam Propagating in a Background Plasma,Physical Review Letters
10.1103/physrevlett.132.065102,American Physical Society (APS),Achievement of Target Gain Larger than Unity in an Inertial Fusion Experiment,Physical Review Letters
10.1103/physrevresearch.6.023268,American Physical Society (APS),"Laser-driven ion and electron acceleration from near-critical density gas targets: Towards high-repetition rate operation in the 1 PW, sub-100 fs laser interaction regime",Physical Review Research
10.1103/physrevresearch.6.023330,American Physical Society (APS),Observation of a magneto-Rayleigh-Taylor instability in magnetically collimated plasma jets,Physical Review Research
10.1103/PhysRevResearch.6.033312,American Physical Society (APS),Measurements of extended magnetic fields in laser-solid interaction,Physical Review Research
10.1103/physrevresearch.6.l012016,American Physical Society (APS),Formation of collisionless shocks driven by strongly magnetized relativistic electrons in the laboratory,Physical Review Research
10.1109/access.2023.3275101,Institute of Electrical and Electronics Engineers (IEEE),Implementation of a High-Speed Multichannel Data Acquisition System for Magnetic Diagnostics and Plasma Centroid Position Control in ISTTOK,IEEE Access
10.1109/tasc.2024.3382069,Institute of Electrical and Electronics Engineers (IEEE),Magnets for a Muon Collider—Needs and Plans,IEEE Transactions on Applied Superconductivity
10.1109/tps.2024.3401113,Institute of Electrical and Electronics Engineers (IEEE),Design of the Electromagnetic Particle Injector (EPI) for Tokamak Deployment,IEEE Transactions on Plasma Science
10.1109/tps.2024.3416242,Institute of Electrical and Electronics Engineers (IEEE),Modeling the Low-Pressure High-Voltage Branch of the Paschen Curve for Hydrogen and Deuterium,IEEE Transactions on Plasma Science
10.1116/6.0003651,American Vacuum Society,Reactor wall effects in Si–Cl2–Ar atomic layer etching,Journal of Vacuum Science &amp; Technology A
10.1364/AO.525556,Optica Publishing Group,Optical versus radiographic imaging and tomography: introduction to the ROADS feature issue,Applied Optics
10.3389/fphy.2024.1407534,Frontiers Media SA,Global particle buildup simulations with gas puff scan: application to WEST discharge,Frontiers in Physics
10.3389/fspas.2023.1216449,Frontiers Media SA,The importance of recruitment and retention in Heliophysics: it’s not just a pipeline problem,Frontiers in Astronomy and Space Sciences
10.3390/plasma6030040,MDPI AG,Inclusion of Biological Targets in the Analysis of Electrical Characteristics of Non-Thermal Plasma Discharge,Plasma
10.3390/s24165254,MDPI AG,A Platform for Ultra-Fast Proton Probing of Matter in Extreme Conditions,Sensors
10.3847/1538-4357/acffc6,American Astronomical Society,High-energy Radiation and Ion Acceleration in Three-dimensional Relativistic Magnetic Reconnection with Strong Synchrotron Cooling,The Astrophysical Journal
10.3847/1538-4357/ad0b0f,American Astronomical Society,Magnetogenesis in a Collisionless Plasma: From Weibel Instability to Turbulent Dynamo,The Astrophysical Journal
10.3847/1538-4357/ad3206,American Astronomical Society,Safety First: Stability and Dissipation of Line-tied Force-free Flux Tubes in Magnetized Coronae,The Astrophysical Journal
10.3847/1538-4357/ad3359,American Astronomical Society,The Effect of Spatially Varying Collision Frequency on the Development of the Rayleigh–Taylor Instability,The Astrophysical Journal
10.3847/1538-4357/ad528f,American Astronomical Society,Experimental Study of Alfvén Wave Reflection from an Alfvén-speed Gradient Relevant to the Solar Coronal Holes,The Astrophysical Journal
10.3847/1538-4357/ad5cf5,American Astronomical Society,Scale Separation Effects on Simulations of Plasma Turbulence,The Astrophysical Journal
10.3847/2041-8213/acdb60,American Astronomical Society,Exact Calculation of Nonideal Fields Demonstrates Their Dominance of Injection in Relativistic Reconnection,The Astrophysical Journal Letters
10.3847/2041-8213/ad0779,American Astronomical Society,Electron–Ion Heating Partition in Imbalanced Solar-wind Turbulence,The Astrophysical Journal Letters
10.3847/2041-8213/ad16eb,American Astronomical Society,From Feast to Famine: A Systematic Study of Accretion onto Oblique Pulsars with 3D GRMHD Simulations,The Astrophysical Journal Letters
